,Year,Month,level_1,y_test_values,predictions
20,2018,1,Woodlawn,162513,167597
52,2018,1,South Chicago,102565,103760
71,2018,1,Bronzeville,239913,244444
73,2018,1,The Bush,67756,69684
86,2018,1,Budlong Woods,306982,310263
91,2018,1,Lake Calumet,117054,116090
100,2018,1,Pill Hill,144508,145281
105,2018,1,Printers Row,257339,259411
112,2018,1,Pilsen,305258,307511
155,2018,1,Old Edgebrook,658472,666033
166,2018,1,Gresham,122564,124433
170,2018,1,Avalon Park,123166,122920
176,2018,1,West Morgan Park,257030,258351
197,2018,1,Kilbourn Park,287678,293171
232,2018,1,East Garfield Park,133367,137249
281,2018,1,Andersonville,444163,450176
285,2018,1,Portage Park,297906,298089
313,2018,1,Bowmanville,516339,522603
380,2018,1,Longwood Manor,130603,131649
385,2018,1,Garfield Ridge,229784,231533
415,2018,1,Belmont Gardens,267815,273183
438,2018,1,Ukrainian Village,480831,493464
460,2018,1,River's Edge,626351,630945
463,2018,1,Roscoe Village,728322,746698
471,2018,1,North Mayfair,323583,328997
512,2018,1,Chicago Lawn,146430,151230
524,2018,1,Ranch Triangle,721666,731900
526,2018,1,Heart of Chicago,224969,230037
533,2018,1,Lincoln Park,534006,542388
536,2018,1,Sauganash,435685,438681
595,2018,1,Wicker Park,563144,575843
639,2018,1,Edgewater,232301,235674
684,2018,1,Archer Heights,202521,204221
694,2018,1,Winneconna Parkway,116101,115838
709,2018,1,Edgebrook,453881,456335
715,2018,1,Hanson Park,214929,220634
719,2018,1,Parkview,172406,174544
735,2018,1,Lincoln Square,406933,413742
819,2018,1,Ravenswood Gardens,592326,596605
823,2018,1,Clearing,218580,221551
856,2018,1,Hollywood Park,340328,347042
880,2018,1,South Shore,100881,103151
901,2018,1,Mount Greenwood Heights,271118,273006
948,2018,1,Stateway Gardens,245621,247853
959,2018,1,Belmont Heights,258762,261558
964,2018,1,East Ukrainian Village,515136,528236
967,2018,1,Wildwood,448173,450141
995,2018,1,Stony Island Park,148291,148846
1000,2018,1,Rosemoor,124387,126728
1017,2018,1,Edgewater Glen,442942,446490
1039,2018,1,The Island,174162,175785
1053,2018,1,O'Hare International Airport,327054,331839
1064,2018,1,Belmont Terrace,257019,259230
1076,2018,1,West Englewood,61859,64346
1087,2018,1,Schorsch Forest View,334769,338164
1105,2018,1,South Old Irving Park,344200,346603
1118,2018,1,Greektown,414572,419426
1127,2018,1,Tri-Taylor,243809,247694
1141,2018,1,Heart of Italy,231528,235451
1161,2018,1,Arcadia Terrace,342763,346132
1196,2018,1,Calumet Heights,139028,141200
55,2018,2,Noble Square,475214,466155
67,2018,2,Wicker Park,572277,575843
97,2018,2,South Shore,102290,103151
122,2018,2,West Englewood,62935,64346
172,2018,2,Parkview,172420,174544
183,2018,2,Streeterville,486995,483961
186,2018,2,Groveland Park,342207,340621
188,2018,2,West Chatham,102535,101495
205,2018,2,Lake View East,318477,315186
231,2018,2,The Robert Taylor Homes,88078,86992
250,2018,2,Back of the Yards,84636,83607
257,2018,2,Rosemoor,125656,126728
321,2018,2,Edison Park,365107,361924
370,2018,2,Sheffield Neighbors,1044267,1032943
373,2018,2,Chicago Lawn,147315,151230
375,2018,2,Oakland,324102,319634
389,2018,2,Schorsch Forest View,337320,338164
397,2018,2,Clearing,220490,221551
408,2018,2,Lake Calumet,116854,116090
430,2018,2,LeClaire Courts,159744,158930
436,2018,2,Beverly View,164388,161573
470,2018,2,Portage Park,299450,298089
505,2018,2,Englewood,50529,50054
513,2018,2,Little Village,136686,133000
515,2018,2,Lake Meadows,312981,309417
520,2018,2,Dearborn Park,454732,449707
544,2018,2,Arcadia Terrace,344847,346132
553,2018,2,Wrightwood Neighbors,680447,671722
631,2018,2,Belmont Central,258774,255699
634,2018,2,Riverdale,60723,59024
650,2018,2,South East Ravenswood,839684,829313
654,2018,2,South Chicago,103039,103760
730,2018,2,Hyde Park,379586,376700
760,2018,2,Ukrainian Village,490571,493464
763,2018,2,Woodlawn,165104,167597
779,2018,2,Kenwood,334449,331322
797,2018,2,Princeton Park,110298,109858
802,2018,2,River West,448841,442881
836,2018,2,Grand Crossing,97381,96876
861,2018,2,Ida B. Wells - Darrow Homes,307903,304664
870,2018,2,Hollywood Park,343826,347042
873,2018,2,The Bush,68398,69684
884,2018,2,Brighton Park,172552,171176
936,2018,2,Uptown,293563,289270
1010,2018,2,West Town,495521,488656
1081,2018,2,Kilbourn Park,291179,293171
1091,2018,2,East Ukrainian Village,524344,528236
1098,2018,2,West Rogers Park,296194,293734
1110,2018,2,Belmont Gardens,271740,273183
1114,2018,2,Roscoe Village,739479,746698
1122,2018,2,Lincoln Park,540401,542388
1129,2018,2,Jefferson Park,302917,300193
1144,2018,2,Golden Gate,45739,45295
1158,2018,2,New Eastside,526632,523089
1228,2018,2,West De Paul,779770,771197
1239,2018,2,Kelvin Park,268997,266469
10,2018,3,Albany Park,332346,329982
18,2018,3,Galewood,260376,259423
44,2018,3,Belmont Heights,263107,261558
46,2018,3,Edgebrook,456620,456335
48,2018,3,Jefferson Park,303087,304765
76,2018,3,North Kenwood,286128,286359
96,2018,3,Douglas Park,158682,156631
101,2018,3,Pilsen,309699,307511
168,2018,3,Pulaski Park,371191,368461
217,2018,3,Noble Square,480197,479275
240,2018,3,Riverdale,61847,59024
251,2018,3,Calumet River,64407,64052
286,2018,3,Near West Side,415784,414546
302,2018,3,Printers Row,259693,259411
324,2018,3,Wrightwood,179819,179743
325,2018,3,Brainerd,138411,138061
345,2018,3,O'Hare International Airport,333555,331839
348,2018,3,Fifth City,162125,161036
352,2018,3,Mount Greenwood,237675,236881
379,2018,3,Calumet Heights,141629,141200
424,2018,3,Gresham,125605,124433
431,2018,3,Heart of Chicago,233089,230037
451,2018,3,Brynford Park,380525,376611
493,2018,3,Ranch Triangle,736096,731900
521,2018,3,Gladstone Park,308858,307516
528,2018,3,Tally's Corner,360537,360676
537,2018,3,West Humboldt Park,165643,163499
556,2018,3,Fulton River District,478197,476318
643,2018,3,LeClaire Courts,163060,158930
653,2018,3,South Old Irving Park,348081,346603
677,2018,3,Mount Greenwood Heights,271952,273006
680,2018,3,Chinatown,329820,326491
689,2018,3,Irving Woods,264825,262767
692,2018,3,Marquette Park,148979,148079
722,2018,3,North Mayfair,331913,328997
740,2018,3,Andersonville,453197,450176
755,2018,3,Parkview,172268,174544
765,2018,3,Goose Island,488072,486847
770,2018,3,Beverly Woods,209559,208536
772,2018,3,Ukrainian Village,495428,493464
886,2018,3,Cragin,259983,259792
900,2018,3,The Robert Taylor Homes,89298,90753
913,2018,3,Hollywood Park,346233,347042
962,2018,3,Stony Island Park,148725,148846
977,2018,3,Clearing,221210,221551
981,2018,3,Sauganash Woods,405561,402096
983,2018,3,Groveland Park,345990,350001
984,2018,3,North Austin,186899,183430
1001,2018,3,Streeterville,487818,486274
1086,2018,3,Washington Park,95727,94876
1101,2018,3,West De Paul,784371,783742
1113,2018,3,Humboldt Park,278081,275384
1116,2018,3,Union Ridge,286242,285571
1136,2018,3,Chicago Lawn,148322,151230
1138,2018,3,Oriole Park,306037,305651
1207,2018,3,Norwood Park East,338050,337628
1217,2018,3,The Villa,517034,518451
1252,2018,3,Near North,433024,431026
24,2018,4,East Pilsen,345299,346711
31,2018,4,McKinley Park,222820,221785
54,2018,4,Wrigleyville,486175,487653
64,2018,4,Beverly View,167364,164798
65,2018,4,Garfield Ridge,231956,231973
66,2018,4,Lakewood - Balmoral,1010876,1019198
104,2018,4,Chicago Lawn,148678,151230
106,2018,4,Pullman,84639,84086
121,2018,4,North Park,347501,346092
124,2018,4,West Pullman,88134,86174
190,2018,4,Hegewisch,126621,126348
193,2018,4,Vittum Park,209189,208707
246,2018,4,Morgan Park,142057,140980
252,2018,4,Gage Park,149842,148664
260,2018,4,LeClaire Courts,165561,169291
298,2018,4,Gladstone Park,309970,309185
317,2018,4,Parkview,173325,174544
342,2018,4,Montclare,257064,256694
354,2018,4,Edison Park,367578,365588
357,2018,4,Galewood,260895,261240
360,2018,4,Lake Calumet,114269,116090
376,2018,4,Mount Greenwood,238158,238532
417,2018,4,Dunning,261838,262013
448,2018,4,Sauganash Woods,406798,408854
492,2018,4,West Chatham,104606,103242
525,2018,4,South Old Irving Park,350430,350596
539,2018,4,Chrysler Village,158972,159154
563,2018,4,West Woodlawn,92183,90628
573,2018,4,North Kenwood,285559,287070
607,2018,4,Lake View,538155,538488
636,2018,4,West Town,497246,498043
686,2018,4,Andersonville,454692,454722
695,2018,4,Budlong Woods,312496,312098
704,2018,4,Edgewater,237617,237221
728,2018,4,Fulton River District,477128,474709
729,2018,4,Big Oaks,298984,297686
750,2018,4,North Mayfair,332322,330600
762,2018,4,Eden Green,55658,55308
789,2018,4,East Beverly,231221,229328
815,2018,4,Princeton Park,109904,110122
866,2018,4,Schorsch Village,291878,291575
872,2018,4,Riverdale,62854,64918
895,2018,4,Ravenswood Gardens,591724,595244
917,2018,4,Bucktown,583966,583843
929,2018,4,Bowmanville,520710,520668
939,2018,4,Beverly,340916,340628
1009,2018,4,Cabrini Green,430544,432199
1100,2018,4,O'Hare,295407,294781
1104,2018,4,Near West Side,415478,414546
1130,2018,4,Logan Square,391580,390989
1134,2018,4,Kennedy Park,221325,220273
1151,2018,4,Bronzeville,247888,247491
1152,2018,4,Sheffield Neighbors,1050454,1048683
1188,2018,4,South East Ravenswood,850452,846764
23,2018,5,Cragin,259427,259864
25,2018,5,Oriole Park,308088,307225
37,2018,5,West Humboldt Park,167731,166054
39,2018,5,Stateway Gardens,240590,244118
41,2018,5,Sauganash,438572,439678
50,2018,5,Lakewood - Balmoral,1008000,1007137
79,2018,5,Golden Gate,46228,46218
113,2018,5,Fuller Park,96468,94713
132,2018,5,Arcadia Terrace,347780,347406
147,2018,5,South Commons,115825,114947
154,2018,5,Oakland,322803,324039
160,2018,5,Jackson Park Highlands,483660,475810
169,2018,5,Heart of Italy,243673,241396
178,2018,5,Parkview,174019,174544
234,2018,5,Bucktown,582460,581250
339,2018,5,Gold Coast,537390,539060
394,2018,5,Clearing,222147,221551
427,2018,5,Bronzeville,247806,247893
511,2018,5,Schorsch Village,291728,291859
547,2018,5,Irving Woods,269579,266655
549,2018,5,Old Irving Park,411733,411475
593,2018,5,Old Town,416634,417683
596,2018,5,Pilsen,310189,309810
600,2018,5,Brynford Park,382961,383349
602,2018,5,Lake View,536809,535755
657,2018,5,West Rogers Park,299264,298699
669,2018,5,Schorsch Forest View,337081,338372
671,2018,5,Forest Glen,380217,381738
673,2018,5,West Chesterfield,132200,131527
800,2018,5,Uptown,295414,295677
818,2018,5,Near West Side,413791,410969
850,2018,5,Eden Green,56396,57434
891,2018,5,Longwood Manor,134037,133536
893,2018,5,Dearborn Park,456758,456785
952,2018,5,Chicago Lawn,150513,151230
957,2018,5,Archer Heights,203730,204343
1012,2018,5,Kennedy Park,221866,222338
1021,2018,5,River North,362235,362839
1056,2018,5,Greektown,427318,427317
1077,2018,5,Norwood Park West,323408,322343
1095,2018,5,Rogers Park,218604,217349
1115,2018,5,The Island,180182,177935
1162,2018,5,West Chatham,106276,107546
1192,2018,5,East Side,121309,120404
1224,2018,5,East Garfield Park,146358,144049
1226,2018,5,Riverdale,63625,64918
5,2018,6,Lathrop Homes,585441,586592
15,2018,6,Brynford Park,380710,377018
58,2018,6,Sheffield Neighbors,1045454,1048594
60,2018,6,Illinois Medical District,208304,203285
99,2018,6,Archer Heights,205310,204343
107,2018,6,South Chicago,107016,106783
123,2018,6,Fifth City,169478,166514
128,2018,6,The Loop,411119,413703
131,2018,6,Longwood Manor,133685,133536
171,2018,6,Wrigleyville,481997,483862
191,2018,6,Morgan Park,144410,143229
253,2018,6,West Pullman,91240,89869
292,2018,6,Peterson Park,384174,386322
307,2018,6,Princeton Park,110888,110840
311,2018,6,Clearing,222924,223135
316,2018,6,West Beverly,249936,250630
351,2018,6,Montclare,257780,257550
366,2018,6,Graceland West,646670,646249
445,2018,6,Englewood,52577,52758
447,2018,6,Ida B. Wells - Darrow Homes,311529,310049
465,2018,6,Ashburn,175208,174914
474,2018,6,Irving Park,402263,404584
478,2018,6,Portage Park,296447,297639
479,2018,6,The Robert Taylor Homes,93419,92174
510,2018,6,Sleepy Hollow,185440,181853
527,2018,6,Wicker Park,571117,572756
542,2018,6,West Chesterfield,132673,134622
545,2018,6,Budlong Woods,310167,311011
551,2018,6,Kelvin Park,270286,269017
640,2018,6,Sauganash Woods,410130,408854
642,2018,6,Hegewisch,127875,126792
675,2018,6,Jackson Park Highlands,499134,475810
723,2018,6,Mount Greenwood,239130,238532
748,2018,6,Rogers Park,219723,217349
758,2018,6,Streeterville,482331,484383
838,2018,6,West De Paul,778530,781669
844,2018,6,Arcadia Terrace,347950,346781
857,2018,6,West Town,492793,495059
863,2018,6,West Rogers Park,299783,299371
879,2018,6,Wrightwood,178730,179710
908,2018,6,Albany Park,329387,331541
928,2018,6,East Beverly,233567,232615
933,2018,6,Hollywood Park,343396,345586
965,2018,6,Jefferson Park,305118,305239
991,2018,6,Ravenswood Gardens,586445,587932
1069,2018,6,Vittum Park,208607,209602
1094,2018,6,Bridgeport,340515,339010
1121,2018,6,Belmont Terrace,269177,267054
1211,2018,6,Big Oaks,300337,300310
1212,2018,6,Old Edgebrook,671255,673834
1221,2018,6,Lithuanian Plaza,147016,150097
1229,2018,6,Union Ridge,289363,289376
1245,2018,6,Old Irving Park,411468,409847
12,2018,7,Princeton Park,112154,112082
35,2018,7,South Commons,118404,117318
43,2018,7,Bucktown,576971,581250
62,2018,7,Lake Calumet,108137,109437
69,2018,7,Gladstone Park,307428,308591
77,2018,7,Dearborn Park,456797,457181
98,2018,7,Marycrest,245646,246633
118,2018,7,Roseland,81554,79182
119,2018,7,O'Hare International Airport,336390,333899
125,2018,7,East Pilsen,339931,341734
130,2018,7,Union Ridge,286698,284442
137,2018,7,North Park,344488,346645
146,2018,7,Jackson Park Highlands,510513,521031
214,2018,7,Belmont Heights,266517,267131
224,2018,7,Albany Park,326011,323341
242,2018,7,Belmont Gardens,275851,277333
258,2018,7,Longwood Manor,134020,134376
303,2018,7,Eden Green,58923,57434
388,2018,7,Kennedy Park,223236,222338
406,2018,7,Archer Heights,204901,204343
435,2018,7,Edgebrook,450628,454249
437,2018,7,Belmont Terrace,268682,267054
482,2018,7,Near North,427209,430779
579,2018,7,Dunning,257986,260252
583,2018,7,South Deering,89529,89378
626,2018,7,Lake View,533046,535755
656,2018,7,Brainerd,137617,138576
676,2018,7,Chrysler Village,161089,161142
683,2018,7,Irving Woods,272002,271838
687,2018,7,Little Village,143089,142810
688,2018,7,Sheffield Neighbors,1040171,1036926
737,2018,7,Fifth City,172705,176240
753,2018,7,South Old Irving Park,343100,347321
841,2018,7,Rogers Park,219828,219295
851,2018,7,Vittum Park,207458,205269
881,2018,7,Schorsch Village,290580,291859
911,2018,7,Lithuanian Plaza,146245,145351
945,2018,7,Bridgeport,340797,341634
961,2018,7,Lake View East,316210,317646
966,2018,7,Pill Hill,142377,143486
973,2018,7,Norwood Park East,334968,336271
986,2018,7,North Kenwood,288547,289084
1042,2018,7,Budlong Woods,308801,307319
1057,2018,7,Fernwood,78833,77320
1059,2018,7,Humboldt Park,277282,277495
1072,2018,7,Parkview,174310,174544
1175,2018,7,Streeterville,479437,476209
1198,2018,7,Sleepy Hollow,187328,187328
4,2018,8,Mount Greenwood Heights,276334,273800
8,2018,8,Roscoe Village,744028,745377
36,2018,8,Norwood Park West,323025,324225
42,2018,8,Belmont Terrace,269014,269670
61,2018,8,Beverly Woods,209881,210619
78,2018,8,Altgeld Gardens,92964,90321
102,2018,8,West Elsdon,190150,190086
134,2018,8,Parkview,174051,174243
142,2018,8,Ravenswood Manor,606328,615747
177,2018,8,Sauganash,430946,434262
187,2018,8,Humboldt Park,277796,277217
196,2018,8,East Beverly,231710,233160
210,2018,8,West Lawn,195266,194879
223,2018,8,North Kenwood,285526,284016
271,2018,8,Longwood Manor,134172,134376
277,2018,8,Rosemoor,133076,130448
282,2018,8,Ashburn,173398,174210
293,2018,8,Ranch Triangle,731060,732105
378,2018,8,Pulaski Park,361051,362956
381,2018,8,Lathrop Homes,580022,581949
403,2018,8,Magnolia Glen,404092,407525
446,2018,8,The Bush,70375,70665
454,2018,8,Old Irving Park,407511,409847
473,2018,8,Old Edgebrook,662506,666830
495,2018,8,Forest Glen,374404,376066
523,2018,8,Noble Square,473775,475301
558,2018,8,Belmont Central,258580,259819
597,2018,8,Roseland,84376,86634
606,2018,8,Edison Park,362227,363716
624,2018,8,Bowmanville,510722,511563
635,2018,8,Edgebrook,446405,443574
637,2018,8,Homan Square,180760,179821
681,2018,8,Garfield Ridge,231614,232753
685,2018,8,West Morgan Park,262267,261139
696,2018,8,Hermosa,242465,241351
721,2018,8,Groveland Park,364720,358806
734,2018,8,Wicker Park,563924,567253
788,2018,8,Riverdale,65337,65589
805,2018,8,Eden Green,60337,61223
837,2018,8,West Woodlawn,96337,94925
854,2018,8,Archer Heights,203474,200990
871,2018,8,Old Town,408757,411263
921,2018,8,South Shore,103990,106238
930,2018,8,Norwood Park East,334046,333430
950,2018,8,Lake Calumet,107864,108858
1016,2018,8,Bucktown,573864,572165
1040,2018,8,West Pullman,93342,92690
1046,2018,8,Kennedy Park,224018,222338
1054,2018,8,Graceland West,641933,644189
1075,2018,8,West Beverly,251435,250486
1153,2018,8,Hyde Park,388995,387533
1187,2018,8,The Island,185015,184675
1214,2018,8,Montclare,257718,257671
1242,2018,8,O'Hare International Airport,339395,340489
1244,2018,8,Winneconna Parkway,103569,104842
38,2018,9,East Hyde Park,234867,236418
74,2018,9,Portage Park,290796,291240
75,2018,9,Grand Crossing,100320,97750
83,2018,9,McKinley Park,238091,235089
88,2018,9,Canaryville,246393,245774
89,2018,9,Roscoe Village,742021,742249
110,2018,9,Pilsen,311770,311441
115,2018,9,Ravenswood Manor,596313,592077
144,2018,9,Oakland,323558,324095
209,2018,9,Beverly Woods,209564,212494
241,2018,9,Ranch Triangle,728479,732105
259,2018,9,Stony Island Park,155540,153810
264,2018,9,Winneconna Parkway,102007,99936
276,2018,9,Calumet River,72113,71473
278,2018,9,Old Irving Park,405482,404358
329,2018,9,Lakewood - Balmoral,1009973,1007444
404,2018,9,Princeton Park,111833,112082
409,2018,9,Pulaski Park,359517,358828
418,2018,9,South Austin,155052,154542
429,2018,9,Beverly,340049,340185
456,2018,9,Morgan Park,146227,145205
488,2018,9,Belmont Gardens,269273,273518
580,2018,9,River's Edge,614549,619770
592,2018,9,West Englewood,71951,71157
614,2018,9,Cottage Grove Heights,105866,102387
623,2018,9,Greektown,435313,429390
627,2018,9,University Village - Little Italy,361111,362259
641,2018,9,Montclare,258889,257671
667,2018,9,Near North,422174,423920
682,2018,9,The Villa,511427,512931
744,2018,9,Logan Square,387402,387565
764,2018,9,Schorsch Forest View,336715,338299
771,2018,9,Old Town,407291,405783
778,2018,9,Kennedy Park,224391,224388
796,2018,9,Sleepy Hollow,185235,187328
812,2018,9,Fifth City,179630,176240
840,2018,9,East Garfield Park,152897,151622
864,2018,9,Riverdale,64389,63383
944,2018,9,Irving Woods,272011,272073
956,2018,9,Hyde Park,389928,390653
975,2018,9,Archer Heights,202029,200990
1029,2018,9,West Town,485239,486555
1032,2018,9,West Lawn,196226,196848
1035,2018,9,Clearing,223047,222931
1044,2018,9,Edgewater Glen,447306,450190
1047,2018,9,Wrigleyville,477420,478879
1049,2018,9,The Gap,372785,371792
1107,2018,9,Norwood Park West,322160,321569
1149,2018,9,Marquette Park,152982,152628
1186,2018,9,Brainerd,134415,136111
1191,2018,9,Belmont Heights,266884,266089
1216,2018,9,Irving Park,399525,399056
1218,2018,9,Galewood,267589,264913
9,2018,10,Chinatown,331699,330499
22,2018,10,Cottage Grove Heights,108991,110480
27,2018,10,West Beverly,253418,253560
84,2018,10,Englewood,52399,52058
120,2018,10,Dunning,256674,255959
140,2018,10,Rogers Park,218421,218650
204,2018,10,Burnside,118914,118681
220,2018,10,Calumet Heights,140089,139793
236,2018,10,Ranch Triangle,726684,731489
270,2018,10,LeClaire Courts,179498,180000
301,2018,10,Budlong Woods,305012,305749
306,2018,10,Eden Green,62331,61223
309,2018,10,Schorsch Village,288712,288150
338,2018,10,Old Norwood Park,400102,402277
340,2018,10,Oakland,323320,324384
358,2018,10,Schorsch Forest View,335325,333046
411,2018,10,Gladstone Park,306513,306468
413,2018,10,Longwood Manor,133470,134376
507,2018,10,Edgewater Glen,446407,449886
508,2018,10,Uptown,293160,293460
529,2018,10,Graceland West,637739,639723
531,2018,10,Kelvin Park,262932,267042
538,2018,10,West Elsdon,191539,190906
560,2018,10,Hanson Park,235347,236149
618,2018,10,Sheffield Neighbors,1036869,1035885
620,2018,10,Garfield Ridge,231095,231279
622,2018,10,Montclare,259943,259877
628,2018,10,Bridgeport,342124,341763
711,2018,10,Galewood,268890,269891
738,2018,10,Back of the Yards,91464,91656
749,2018,10,The Gap,372309,371792
761,2018,10,Clearing,223156,223202
814,2018,10,West Loop Gate,345810,346270
833,2018,10,The Robert Taylor Homes,95670,95331
855,2018,10,Belmont Central,256748,257798
876,2018,10,Stateway Gardens,240584,237191
907,2018,10,South Commons,117555,117907
940,2018,10,Lithuanian Plaza,144753,146300
954,2018,10,West Humboldt Park,179589,175619
1036,2018,10,The Island,188142,185935
1140,2018,10,Portage Park,290521,290596
7,2018,11,Belmont Terrace,272143,271473
33,2018,11,Roscoe Village,743323,742249
51,2018,11,Brynford Park,371479,375829
53,2018,11,Ravenswood,475427,475680
116,2018,11,Albany Park,320483,320461
138,2018,11,South Austin,159325,156818
148,2018,11,Goose Island,482413,482651
150,2018,11,Uptown,294248,294572
162,2018,11,East Garfield Park,159160,155814
219,2018,11,Schorsch Village,288631,288418
244,2018,11,Little Village,146223,145403
248,2018,11,North Park,336274,336455
261,2018,11,Heart of Italy,253117,251940
299,2018,11,University Village - Little Italy,359890,360630
308,2018,11,Budlong Woods,306212,306567
343,2018,11,North Kenwood,282777,282168
349,2018,11,Wrightwood,176980,175243
355,2018,11,Marquette Park,154912,153697
365,2018,11,Bowmanville,504377,506451
369,2018,11,South Loop,366343,367286
395,2018,11,Montclare,260405,259877
400,2018,11,Ranch Triangle,728433,731489
416,2018,11,Vittum Park,204404,203974
420,2018,11,Ashburn,174885,173708
433,2018,11,Ravenswood Manor,593814,592077
441,2018,11,Bucktown,574747,572507
449,2018,11,Wrigleyville,479357,477614
469,2018,11,The Robert Taylor Homes,96608,95331
496,2018,11,Sleepy Hollow,185239,185446
502,2018,11,West Englewood,73468,72515
535,2018,11,Altgeld Gardens,97100,96962
546,2018,11,Pulaski Park,358654,358828
566,2018,11,The Gap,370177,371792
588,2018,11,Hegewisch,127557,127511
594,2018,11,Rosemoor,134742,135714
638,2018,11,Parkview,175247,174444
783,2018,11,Mayfair,322044,321849
813,2018,11,Beverly View,155847,155423
828,2018,11,Gresham,125060,124909
832,2018,11,West Beverly,253959,254252
843,2018,11,River West,446949,445294
849,2018,11,Brainerd,131030,132389
858,2018,11,O'Hare,296148,295370
904,2018,11,LeClaire Courts,178999,180275
955,2018,11,West Pullman,95501,94403
974,2018,11,Englewood,52626,52329
1013,2018,11,East Ukrainian Village,521172,518977
1067,2018,11,The Villa,515338,512789
1111,2018,11,Kelvin Park,260787,260398
1128,2018,11,Pill Hill,141333,143125
1164,2018,11,Peterson Park,373950,376172
1189,2018,11,Marycrest,248084,247612
1197,2018,11,Dunning,257801,258609
1206,2018,11,Pullman,93879,91732
1209,2018,11,River's Edge,614826,611607
1210,2018,11,Brighton Park,181600,181768
1222,2018,11,West Rogers Park,297125,297007
1227,2018,11,West Chesterfield,139453,139503
1253,2018,11,Fuller Park,100594,100394
206,2018,12,East Ukrainian Village,521920,518977
265,2018,12,North Kenwood,283282,282168
273,2018,12,River North,358582,358587
335,2018,12,South Deering,87174,88401
336,2018,12,O'Hare International Airport,337741,338333
350,2018,12,Canaryville,247786,247553
386,2018,12,Golden Gate,44841,45288
428,2018,12,Fulton River District,458500,460321
468,2018,12,University Village - Little Italy,359671,360630
487,2018,12,Parkview,175528,174444
491,2018,12,Chinatown,332858,332624
540,2018,12,Washington Heights,129367,128891
548,2018,12,Cragin,258499,258029
565,2018,12,Wicker Park,565310,564217
581,2018,12,Logan Square,390211,389007
590,2018,12,Edison Park,360556,360679
591,2018,12,Lake View East,314462,314525
613,2018,12,Oakland,325996,324384
615,2018,12,Chicago Lawn,155604,153826
678,2018,12,Edgewater,236159,235572
698,2018,12,Gage Park,153771,153180
713,2018,12,River West,449259,445294
718,2018,12,South Austin,161195,156818
747,2018,12,Union Ridge,282684,283136
773,2018,12,Old Irving Park,404089,404062
774,2018,12,Brainerd,130338,132389
793,2018,12,Portage Park,290797,290596
798,2018,12,Gladstone Park,308104,307351
829,2018,12,The Gap,369938,371792
875,2018,12,Heart of Chicago,257963,254663
888,2018,12,South Chicago,107879,107922
922,2018,12,Riverdale,61942,62580
931,2018,12,The Robert Taylor Homes,98536,95331
935,2018,12,East Chatham,88192,86947
938,2018,12,Longwood Manor,132984,132808
943,2018,12,Ravenswood,474121,475680
953,2018,12,Vittum Park,204886,203974
978,2018,12,Old Norwood Park,399254,399268
979,2018,12,West Elsdon,192051,191878
989,2018,12,Morgan Park,148799,148444
1060,2018,12,West Lawn,198127,197524
1070,2018,12,Albany Park,319877,320461
1082,2018,12,Fuller Park,101021,100394
1125,2018,12,West Morgan Park,266694,267141
1133,2018,12,Ida B. Wells - Darrow Homes,308205,307223
1193,2018,12,Jackson Park Highlands,512541,516664
1199,2018,12,South Loop,366061,367286
1213,2018,12,South Commons,118149,117718
1249,2018,12,Beverly Woods,216688,213464
0,2019,1,Roscoe Village,746765,748572
87,2019,1,South Old Irving Park,338601,335097
139,2019,1,Brighton Park,180224,179511
149,2019,1,South Loop,365169,364793
161,2019,1,Fulton River District,456675,456332
180,2019,1,Hyde Park,390420,390267
200,2019,1,West De Paul,776034,778548
225,2019,1,Near North,417538,417228
247,2019,1,Ranch Triangle,732030,732879
263,2019,1,Scottsdale,192496,191960
267,2019,1,Peterson Park,369434,367987
314,2019,1,West Loop Gate,343938,343212
330,2019,1,Altgeld Gardens,95171,93990
341,2019,1,Big Oaks,293178,294916
387,2019,1,Calumet Heights,137573,139278
393,2019,1,The Robert Taylor Homes,101571,103710
402,2019,1,Cragin,259053,260913
425,2019,1,Greektown,437630,431836
439,2019,1,South Shore,105092,105742
442,2019,1,Lake Calumet,108685,111577
464,2019,1,Old Town,400594,398231
472,2019,1,South Deering,87868,89855
477,2019,1,Parkview,174209,172656
500,2019,1,Chinatown,332589,334727
514,2019,1,Jackson Park Highlands,504855,506439
517,2019,1,Little Village,146705,147378
559,2019,1,Near West Side,400280,402460
633,2019,1,Bronzeville,248631,249086
645,2019,1,Dunning,259604,261552
649,2019,1,Ukrainian Village,487532,480645
702,2019,1,The Loop,399900,397406
726,2019,1,Tally's Corner,334093,332919
782,2019,1,Edgebrook,448108,448399
804,2019,1,Albany Park,319685,320867
806,2019,1,Stateway Gardens,242896,240712
831,2019,1,Lathrop Homes,579734,577546
860,2019,1,Chatham,142315,143481
897,2019,1,Beverly,338584,340598
969,2019,1,East Hyde Park,238176,237904
990,2019,1,Ida B. Wells - Darrow Homes,307878,307513
998,2019,1,Heart of Italy,251921,247703
1006,2019,1,North Park,333698,332534
1027,2019,1,Belmont Heights,269606,271577
1037,2019,1,Marquette Park,156481,158841
1065,2019,1,Avondale,394698,394463
1085,2019,1,Marynook,155023,156322
1106,2019,1,Cottage Grove Heights,110504,110667
1142,2019,1,Norwood Park West,321381,322223
1195,2019,1,East Side,120650,120717
1219,2019,1,Rogers Park,218888,219496
1233,2019,1,Sleepy Hollow,183346,183163
1234,2019,1,Archer Heights,198954,198901
11,2019,2,The Island,188638,190899
14,2019,2,Ukrainian Village,483691,480645
26,2019,2,Oakland,331112,328832
56,2019,2,Old Irving Park,404718,403728
80,2019,2,Gage Park,155078,154519
93,2019,2,Albany Park,320104,320867
117,2019,2,Noble Square,473144,476123
151,2019,2,Old Town Triangle,504403,503137
167,2019,2,Old Edgebrook,664235,668415
175,2019,2,Ravenswood Gardens,590403,585090
198,2019,2,River North,355837,357088
227,2019,2,New Eastside,511220,508489
228,2019,2,Mount Greenwood,238713,239198
233,2019,2,Burnside,118571,117571
235,2019,2,Lakewood - Balmoral,1035175,1034341
243,2019,2,Jefferson Park,307163,305513
304,2019,2,East Garfield Park,158148,159502
455,2019,2,Stony Island Park,154488,153374
476,2019,2,Chinatown,332804,334727
506,2019,2,Ravenswood,473301,472799
557,2019,2,Hanson Park,235045,235451
561,2019,2,Belmont Central,257587,256975
601,2019,2,Pilsen,308821,309902
661,2019,2,North Mayfair,313500,315164
664,2019,2,Near West Side,400312,402460
672,2019,2,Wildwood,438915,437961
731,2019,2,Jackson Park Highlands,505340,506439
739,2019,2,Marquette Park,157469,158841
781,2019,2,Hermosa,247165,244567
787,2019,2,Brynford Park,370183,368853
792,2019,2,West Beverly,256786,254619
821,2019,2,Bucktown,577434,576921
822,2019,2,East Pilsen,338563,337296
824,2019,2,Illinois Medical District,219261,220034
827,2019,2,Oriole Park,311254,310254
867,2019,2,Uptown,293171,293761
868,2019,2,Garfield Ridge,232114,231750
894,2019,2,Brainerd,132574,130918
905,2019,2,Fifth City,187251,186174
958,2019,2,Mayfair,318236,319074
996,2019,2,Heart of Italy,250196,247703
1061,2019,2,Canaryville,249034,248558
1068,2019,2,Washington Park,113980,111065
1074,2019,2,East Ukrainian Village,515409,518338
1108,2019,2,Calumet River,74042,73511
1157,2019,2,South Old Irving Park,338472,335097
1168,2019,2,North Austin,192651,192512
1181,2019,2,Sauganash,430947,430897
1183,2019,2,O'Hare International Airport,342922,339157
1205,2019,2,Forest Glen,368435,367681
1241,2019,2,West Elsdon,191437,191901
2,2019,3,West Humboldt Park,180238,180179
6,2019,3,West Englewood,72956,73723
28,2019,3,Washington Heights,135463,133754
49,2019,3,Norwood Park East,335315,333364
153,2019,3,Lake Calumet,112975,111577
159,2019,3,Edgebrook,447928,448399
185,2019,3,Ukrainian Village,481010,480645
212,2019,3,Bowmanville,508979,499224
249,2019,3,Arcadia Terrace,341963,339744
312,2019,3,East Beverly,230681,227244
322,2019,3,Hermosa,248981,251826
331,2019,3,Ravenswood Gardens,593887,594448
359,2019,3,Mayfair,319097,318356
377,2019,3,Kilbourn Park,294604,292559
384,2019,3,Wrigleyville,482117,482005
405,2019,3,Chrysler Village,161208,160865
410,2019,3,Wildwood,438868,438234
421,2019,3,Mount Greenwood Heights,261478,263035
432,2019,3,Woodlawn,175863,174690
450,2019,3,Sauganash,430977,431772
483,2019,3,South Old Irving Park,338687,335097
489,2019,3,South Austin,163471,161816
490,2019,3,Galewood,267622,266746
518,2019,3,South Deering,91662,89855
543,2019,3,Irving Park,397529,398465
575,2019,3,Riverdale,59075,59894
609,2019,3,Kennedy Park,232283,229002
644,2019,3,Kenwood,343496,341993
663,2019,3,The Villa,519773,518869
699,2019,3,Old Town Triangle,506362,507509
703,2019,3,Lake View East,314568,313817
743,2019,3,Lake Meadows,326867,325997
766,2019,3,Roscoe Village,750599,748572
775,2019,3,Lincoln Square,405444,403277
834,2019,3,Winneconna Parkway,98904,98657
835,2019,3,Jefferson Park,308851,309026
896,2019,3,Pill Hill,139159,138762
915,2019,3,McKinley Park,240286,241559
918,2019,3,Little Village,149152,147378
949,2019,3,Rosemoor,131982,132339
971,2019,3,University Village - Little Italy,359115,358249
980,2019,3,Brynford Park,371417,372950
1028,2019,3,Schorsch Village,292445,290519
1034,2019,3,Beverly,342051,340598
1052,2019,3,Old Irving Park,406313,407160
1093,2019,3,Cabrini Green,437197,435639
1145,2019,3,West Morgan Park,268130,266649
1163,2019,3,Lake View,532778,531797
1179,2019,3,Calumet River,74356,73528
1215,2019,3,Kelvin Park,267149,264838
1231,2019,3,Beverly View,155870,154885
1,2019,4,McKinley Park,238309,241559
21,2019,4,West Pullman,97091,96977
70,2019,4,West Chesterfield,144825,143198
108,2019,4,South Chicago,114889,113984
164,2019,4,LeClaire Courts,178345,179107
181,2019,4,Kennedy Park,234067,234346
207,2019,4,The Bush,69900,70166
218,2019,4,Parkview,172992,171810
229,2019,4,Illinois Medical District,214282,215996
255,2019,4,The Island,191280,189902
283,2019,4,The Robert Taylor Homes,107066,105679
291,2019,4,Arcadia Terrace,342595,342257
294,2019,4,Cabrini Green,439782,442394
310,2019,4,East Garfield Park,161363,158935
323,2019,4,West Rogers Park,300198,299667
327,2019,4,South Austin,165372,166610
371,2019,4,West Garfield Park,119021,116335
374,2019,4,Hanson Park,237128,235925
414,2019,4,Albany Park,320695,320867
423,2019,4,Fernwood,89818,88690
574,2019,4,West Englewood,71620,69506
578,2019,4,West Chatham,112500,112717
582,2019,4,Ukrainian Village,481676,480645
585,2019,4,River North,354037,354437
616,2019,4,Near West Side,405080,402460
690,2019,4,The Loop,395206,395997
736,2019,4,Belmont Heights,273803,272956
741,2019,4,West Town,485072,483073
742,2019,4,Calumet Heights,141900,140516
756,2019,4,East Chatham,93672,92061
769,2019,4,Schorsch Forest View,339032,334195
859,2019,4,South Shore,109147,107496
874,2019,4,Wrigleyville,482589,482005
883,2019,4,Ida B. Wells - Darrow Homes,309457,308201
889,2019,4,River's Edge,614683,614024
942,2019,4,Irving Park,397543,398465
987,2019,4,Peterson Park,371942,369654
1002,2019,4,East Beverly,232746,234172
1018,2019,4,Stony Island Park,157934,156259
1023,2019,4,Homan Square,188509,184323
1097,2019,4,Big Oaks,296679,296583
1170,2019,4,Lakewood - Balmoral,1048245,1038755
1208,2019,4,Lake View East,315198,313817
1232,2019,4,Fulton River District,460960,457906
1250,2019,4,Altgeld Gardens,93234,92910
17,2019,5,University Village - Little Italy,361280,360797
111,2019,5,East Garfield Park,164320,166149
192,2019,5,Riverdale,58415,58244
221,2019,5,Winneconna Parkway,103748,101062
226,2019,5,Chrysler Village,162855,161618
279,2019,5,West Elsdon,193705,192214
333,2019,5,Graceland West,646037,647420
382,2019,5,Near North,421296,419699
396,2019,5,West Garfield Park,121527,123809
419,2019,5,Goose Island,483370,482823
444,2019,5,Sheffield Neighbors,1043598,1044495
485,2019,5,The Island,193493,193382
555,2019,5,Fuller Park,105339,103734
567,2019,5,Lakewood - Balmoral,1047259,1041276
569,2019,5,Cragin,264573,264570
572,2019,5,Old Edgebrook,656460,659418
604,2019,5,Edgewater Glen,460586,459143
612,2019,5,Wrigleyville,481932,480037
621,2019,5,Irving Park,396285,398465
648,2019,5,Ukrainian Village,481853,480645
652,2019,5,Old Norwood Park,400837,400926
655,2019,5,Roscoe Village,750019,752480
659,2019,5,Scottsdale,193458,192504
665,2019,5,O'Hare,300331,299103
691,2019,5,Ravenswood,481402,480781
733,2019,5,South Commons,121548,121185
759,2019,5,North Kenwood,295293,294061
795,2019,5,The Bush,68263,66436
862,2019,5,Kenwood,345017,344949
878,2019,5,Wicker Park,562100,563290
899,2019,5,Belmont Gardens,269665,270877
906,2019,5,Noble Square,470969,471953
909,2019,5,Groveland Park,377602,375956
926,2019,5,West Lawn,201579,200974
927,2019,5,Fifth City,191166,189644
937,2019,5,Jefferson Park,308563,309026
960,2019,5,Park Manor,95578,95585
1026,2019,5,Gresham,131542,131185
1030,2019,5,Andersonville,455241,454669
1050,2019,5,Edison Park,361129,362131
1089,2019,5,North Center,742928,745266
1117,2019,5,Canaryville,247561,247760
1123,2019,5,South Loop,373451,370319
1132,2019,5,Hermosa,253816,251826
1166,2019,5,West Rogers Park,299464,298838
1171,2019,5,West Woodlawn,106494,107095
1184,2019,5,Uptown,297035,295834
1185,2019,5,Sauganash Woods,403026,403447
1194,2019,5,McKinley Park,236174,234616
1220,2019,5,Lake View East,315240,313541
1223,2019,5,Longwood Manor,138921,139056
29,2019,6,Pill Hill,140134,140389
68,2019,6,Wildwood,435337,437308
82,2019,6,Hollywood Park,335252,336157
90,2019,6,Galewood,265382,267830
92,2019,6,East Hyde Park,238423,239808
129,2019,6,West Humboldt Park,182484,180344
133,2019,6,Mount Greenwood,240426,240633
158,2019,6,Printers Row,265656,265798
195,2019,6,Old Town,397231,397561
211,2019,6,Stateway Gardens,241129,239363
213,2019,6,Kelvin Park,268219,268752
216,2019,6,Cottage Grove Heights,106147,107065
254,2019,6,North Mayfair,310018,310788
269,2019,6,Peterson Park,371496,372076
275,2019,6,Pilsen,312561,312350
296,2019,6,Tri-Taylor,255661,257109
362,2019,6,Hermosa,255543,256080
426,2019,6,Hegewisch,134502,135007
434,2019,6,Edison Park,359441,357367
457,2019,6,LeClaire Courts,182388,180562
458,2019,6,Brainerd,135904,135560
484,2019,6,Ranch Triangle,728598,732891
499,2019,6,Fuller Park,106651,107113
501,2019,6,The Villa,512989,516646
504,2019,6,Fulton River District,465308,464190
534,2019,6,West Lawn,201662,201203
570,2019,6,Lathrop Homes,578752,579303
584,2019,6,Dearborn Park,450726,451036
608,2019,6,Ravenswood Gardens,590698,592348
629,2019,6,Wicker Park,560492,559234
630,2019,6,Gage Park,159112,158570
679,2019,6,East Chatham,94247,94040
700,2019,6,Scottsdale,193726,194189
714,2019,6,West Woodlawn,105912,107095
725,2019,6,Cragin,263574,264570
727,2019,6,Greektown,421212,421005
732,2019,6,Tally's Corner,340630,336010
745,2019,6,Brynford Park,372616,373550
784,2019,6,Old Edgebrook,651833,648037
790,2019,6,Sheffield Neighbors,1039410,1036422
826,2019,6,Ukrainian Village,481108,480645
830,2019,6,Altgeld Gardens,94814,94332
898,2019,6,Lithuanian Plaza,152649,150909
914,2019,6,West Loop Gate,345574,345754
934,2019,6,Archer Heights,202543,200435
941,2019,6,North Kenwood,294643,294061
993,2019,6,Old Town Triangle,505308,507057
1004,2019,6,Lake Meadows,340633,335052
1008,2019,6,Edgebrook,445836,447210
1041,2019,6,Irving Park,394567,391311
1048,2019,6,Washington Heights,133384,134749
1058,2019,6,O'Hare,300917,299103
1099,2019,6,Forest Glen,366884,369518
1102,2019,6,Edgewater Glen,459502,457937
1103,2019,6,Near West Side,406273,407224
1126,2019,6,River West,455328,455974
1182,2019,6,Norwood Park West,321139,323541
1204,2019,6,Near North,421828,419699
1235,2019,6,Lake View East,314329,313541
1236,2019,6,Arcadia Terrace,341198,342257
1243,2019,6,Oakland,335437,337293
19,2019,7,North Mayfair,309453,308891
57,2019,7,Woodlawn,172397,174257
135,2019,7,Fernwood,89137,89331
152,2019,7,Riverdale,57122,57779
174,2019,7,Near North,420729,418345
203,2019,7,Heart of Chicago,252439,255803
215,2019,7,East Chatham,93224,94040
245,2019,7,Goose Island,482565,482807
266,2019,7,Old Town Triangle,504233,507057
287,2019,7,Pulaski Park,359957,360663
295,2019,7,Greektown,426297,430936
305,2019,7,Lathrop Homes,577897,575891
315,2019,7,South Deering,94941,93930
326,2019,7,East Ukrainian Village,510554,510985
353,2019,7,Near West Side,404714,407224
364,2019,7,Washington Heights,130762,134749
372,2019,7,Morgan Park,153128,153783
422,2019,7,Beverly View,154598,156867
440,2019,7,West Humboldt Park,183927,183589
459,2019,7,River's Edge,601611,605419
480,2019,7,Stateway Gardens,242320,239363
541,2019,7,Garfield Ridge,237104,235697
598,2019,7,Chrysler Village,167846,165067
603,2019,7,Ravenswood,480630,481607
658,2019,7,O'Hare,300296,298714
668,2019,7,Cragin,261629,259771
697,2019,7,Marynook,159920,160245
701,2019,7,Princeton Park,114667,114223
754,2019,7,Gold Coast,524590,525153
776,2019,7,North Center,735525,738915
820,2019,7,The Bush,64890,66436
845,2019,7,Andersonville,451998,454363
846,2019,7,Edgebrook,444460,440694
847,2019,7,North Kenwood,292742,291499
848,2019,7,Longwood Manor,138471,139043
877,2019,7,West Pullman,98323,97642
882,2019,7,South Shore,109837,110017
970,2019,7,Roseland,92492,93678
994,2019,7,Forest Glen,365388,364536
1015,2019,7,LeClaire Courts,183642,183278
1019,2019,7,Gresham,128270,129962
1020,2019,7,River North,351675,352034
1033,2019,7,West Woodlawn,105101,104772
1071,2019,7,East Beverly,235312,235157
1090,2019,7,Sauganash,431983,432389
1092,2019,7,Irving Park,393840,391311
1096,2019,7,Beverly Woods,218377,219440
1165,2019,7,Gladstone Park,311440,312393
1174,2019,7,Stony Island Park,155748,156694
1180,2019,7,West De Paul,777040,779472
1190,2019,7,Cottage Grove Heights,106245,106810
1203,2019,7,Grand Crossing,101781,104941
1237,2019,7,Brainerd,135330,135560
1240,2019,7,Pilsen,312654,312350
59,2019,8,Wrightwood,182276,182156
72,2019,8,Belmont Central,254762,256537
94,2019,8,Ukrainian Village,479144,480645
109,2019,8,West Town,482077,485316
126,2019,8,Norwood Park West,315445,318701
127,2019,8,Pilsen,312021,311050
156,2019,8,Homan Square,196652,196294
199,2019,8,Portage Park,292942,294894
256,2019,8,Graceland West,637739,640066
289,2019,8,Brainerd,136089,135332
300,2019,8,Edgewater,238349,239337
318,2019,8,Gold Coast,521990,519262
347,2019,8,Roscoe Village,741005,743473
390,2019,8,Little Village,145459,144925
398,2019,8,West Morgan Park,265721,267045
399,2019,8,The Island,191428,193180
461,2019,8,Marycrest,244747,245048
494,2019,8,Fuller Park,107392,107113
516,2019,8,Pill Hill,140255,140778
552,2019,8,Schorsch Village,292435,293287
605,2019,8,Chatham,142411,144527
617,2019,8,Washington Heights,129793,129146
646,2019,8,West Loop Gate,342854,344396
660,2019,8,McKinley Park,231284,233771
662,2019,8,South Loop,374994,375502
724,2019,8,Canaryville,244072,244999
767,2019,8,The Robert Taylor Homes,103501,104721
780,2019,8,Near West Side,402999,401925
794,2019,8,South Shore,110182,111533
801,2019,8,West De Paul,775574,771265
825,2019,8,Winneconna Parkway,103631,104276
853,2019,8,South Commons,120097,120051
902,2019,8,Old Town Triangle,502345,500504
916,2019,8,Stateway Gardens,244614,247194
924,2019,8,East Chatham,91945,90415
925,2019,8,Jefferson Park,303510,305676
988,2019,8,North Kenwood,292453,291499
992,2019,8,Lake View,527428,529652
997,2019,8,Albany Park,315928,317941
1051,2019,8,West Englewood,64590,65862
1120,2019,8,University Village - Little Italy,357068,359124
1124,2019,8,West Chesterfield,141748,142093
1131,2019,8,Lincoln Square,403708,405290
1135,2019,8,West Pullman,98798,98860
1176,2019,8,Kenwood,344947,345792
1246,2019,8,East Hyde Park,231912,235641
1248,2019,8,Uptown,297473,297618
34,2019,9,Cabrini Green,453187,453199
47,2019,9,West Morgan Park,263071,267045
63,2019,9,North Mayfair,308448,308891
95,2019,9,Kennedy Park,236131,236277
141,2019,9,Longwood Manor,137653,138665
145,2019,9,Chicago Lawn,162543,162272
194,2019,9,Budlong Woods,306159,307408
201,2019,9,Schorsch Village,290017,293287
208,2019,9,Mayfair,306273,308134
222,2019,9,Clearing,225759,226108
268,2019,9,Lathrop Homes,573443,575891
290,2019,9,Irving Park,388514,391311
320,2019,9,Avondale,391814,392421
334,2019,9,Burnside,120373,120417
337,2019,9,Gladstone Park,308862,310541
363,2019,9,The Bush,64599,64350
383,2019,9,Kenwood,343003,345792
401,2019,9,Lake Meadows,337892,340473
467,2019,9,Marycrest,244239,246197
497,2019,9,Canaryville,245962,248087
503,2019,9,Lincoln Park,528773,531079
554,2019,9,Mount Greenwood Heights,258233,258849
568,2019,9,Chinatown,340360,340495
571,2019,9,South Loop,374778,374927
587,2019,9,University Village - Little Italy,356080,355259
589,2019,9,Stateway Gardens,245718,247194
666,2019,9,Bronzeville,252637,253366
670,2019,9,Noble Square,461589,463435
693,2019,9,Tally's Corner,346359,346522
705,2019,9,Roscoe Village,738562,735476
707,2019,9,Bucktown,571835,573443
785,2019,9,Belmont Central,252996,251415
803,2019,9,Lakewood - Balmoral,1028961,1033400
811,2019,9,Old Edgebrook,644030,644671
885,2019,9,South East Ravenswood,836800,839478
923,2019,9,Old Town Triangle,501230,500504
968,2019,9,South Deering,95716,95447
972,2019,9,East Chatham,90793,90415
976,2019,9,Portage Park,290690,288501
982,2019,9,Park Manor,97506,96274
1003,2019,9,Sauganash Woods,396460,398729
1022,2019,9,Gage Park,159342,159003
1024,2019,9,Woodlawn,171032,170742
1031,2019,9,Near North,416733,418345
1043,2019,9,Magnolia Glen,405257,405422
1055,2019,9,West Humboldt Park,181888,183589
1079,2019,9,Fifth City,192298,192752
1083,2019,9,Calumet Heights,139940,140890
1109,2019,9,River North,350414,351133
1139,2019,9,Oakland,332040,333466
1143,2019,9,Ukrainian Village,478460,480645
1148,2019,9,Heart of Italy,236033,236848
1178,2019,9,Marquette Park,162140,162258
1200,2019,9,Greektown,433475,430936
1201,2019,9,Albany Park,313498,311613
1225,2019,9,Arcadia Terrace,334524,336087
1238,2019,9,West Woodlawn,105160,104772
1247,2019,9,Forest Glen,363950,364536
3,2019,10,Douglas Park,180645,180715
13,2019,10,Edison Park,351527,352250
45,2019,10,Belmont Gardens,262255,263230
136,2019,10,River North,349952,349275
143,2019,10,Bucktown,569712,568671
163,2019,10,West Beverly,257839,259266
165,2019,10,Princeton Park,111942,112715
173,2019,10,Beverly,336451,339172
184,2019,10,Old Irving Park,393885,396687
202,2019,10,Pilsen,309189,311050
237,2019,10,Jefferson Park,299751,301764
238,2019,10,Bronzeville,252418,253366
272,2019,10,Lake View,522957,525413
288,2019,10,Beverly Woods,224218,221565
297,2019,10,Tally's Corner,347385,345180
328,2019,10,Wrigleyville,468916,472021
346,2019,10,Little Village,146509,145900
391,2019,10,Ukrainian Village,478821,479488
453,2019,10,Hermosa,249944,252386
462,2019,10,The Gap,379031,376423
481,2019,10,South Shore,112158,111533
509,2019,10,Lakewood - Balmoral,1027331,1031623
532,2019,10,Lake View East,307496,309496
576,2019,10,West Morgan Park,260389,259324
610,2019,10,The Island,186728,188512
619,2019,10,O'Hare,295290,296609
632,2019,10,Edgewater Glen,456171,455775
708,2019,10,South Chicago,110953,112782
746,2019,10,West Chesterfield,142110,141658
752,2019,10,North Kenwood,292367,291499
799,2019,10,Brynford Park,363911,365074
809,2019,10,Rogers Park,218018,218470
842,2019,10,Lake Meadows,338491,337872
852,2019,10,Pullman,95325,95141
869,2019,10,Bowmanville,522262,517138
903,2019,10,Kenwood,341547,340470
919,2019,10,Graceland West,634186,635811
946,2019,10,Schorsch Village,285811,282124
985,2019,10,Arcadia Terrace,335732,336892
1025,2019,10,Mount Greenwood,236832,237078
1063,2019,10,Oakland,332381,333466
1078,2019,10,West Lawn,198858,199080
1084,2019,10,Roseland,88861,89138
1137,2019,10,West Pullman,99531,98860
1150,2019,10,Rosemoor,126913,124858
1154,2019,10,West Elsdon,195328,194831
1156,2019,10,East Garfield Park,165124,165296
1160,2019,10,Kilbourn Park,277195,278951
1172,2019,10,Altgeld Gardens,94000,94264
1177,2019,10,Groveland Park,369389,366916
1202,2019,10,Beverly View,159102,156134
1230,2019,10,River's Edge,596349,597935
1251,2019,10,West Rogers Park,296562,296452
30,2019,11,Hyde Park,394633,396097
40,2019,11,Near West Side,400639,401111
103,2019,11,Mount Greenwood,236191,237078
114,2019,11,Brighton Park,181762,180298
157,2019,11,Lake View,521748,520873
179,2019,11,Old Norwood Park,392760,394617
230,2019,11,Albany Park,311322,311613
239,2019,11,Mayfair,304573,305108
262,2019,11,West De Paul,764905,767824
274,2019,11,Beverly Woods,226053,225996
319,2019,11,Canaryville,250510,248087
368,2019,11,University Village - Little Italy,355507,355259
392,2019,11,Portage Park,286752,288501
407,2019,11,Woodlawn,170429,171057
443,2019,11,South Old Irving Park,315655,317367
475,2019,11,The Robert Taylor Homes,105479,104739
486,2019,11,Streeterville,460447,461209
498,2019,11,West Loop Gate,340431,341159
519,2019,11,Schorsch Village,283081,282124
550,2019,11,West Garfield Park,121298,121328
562,2019,11,Wicker Park,553267,554003
564,2019,11,North Center,728238,728099
586,2019,11,Old Town,390236,390970
599,2019,11,Wrightwood Neighbors,658463,660542
611,2019,11,River's Edge,595364,597935
674,2019,11,Peterson Park,372304,371551
706,2019,11,Englewood,52790,52754
710,2019,11,Old Irving Park,392605,392062
716,2019,11,South Chicago,108822,106832
717,2019,11,Sauganash Woods,394686,394751
720,2019,11,Irving Woods,265367,266318
791,2019,11,Edison Park,349927,348698
807,2019,11,Old Town Triangle,499817,500504
808,2019,11,Burnside,121592,121101
816,2019,11,Oakland,332849,333466
865,2019,11,Belmont Central,249769,251415
887,2019,11,East Beverly,232159,233579
892,2019,11,Belmont Heights,263612,263741
910,2019,11,Magnolia Glen,405746,405950
963,2019,11,Uptown,295028,295759
1005,2019,11,Bronzeville,252149,252183
1011,2019,11,Hollywood Park,335166,335143
1045,2019,11,Dunning,256860,257288
1062,2019,11,Princeton Park,113692,112715
1066,2019,11,Lake Calumet,121020,119229
1080,2019,11,Sheffield Neighbors,1024819,1026673
1146,2019,11,Kilbourn Park,276277,275780
1159,2019,11,Illinois Medical District,233368,230991
1173,2019,11,Norwood Park West,309944,312183
16,2019,12,West Morgan Park,259262,259324
32,2019,12,Princeton Park,115134,112715
81,2019,12,The Island,188344,186473
85,2019,12,Brighton Park,183459,180298
182,2019,12,Lithuanian Plaza,154657,155568
189,2019,12,Woodlawn,168440,171057
280,2019,12,Hanson Park,225734,227164
284,2019,12,Schorsch Forest View,334967,335170
332,2019,12,Marquette Park,159729,160372
344,2019,12,Illinois Medical District,232729,230991
356,2019,12,Fernwood,88828,89077
361,2019,12,Eden Green,62096,59853
367,2019,12,Groveland Park,371627,371150
412,2019,12,West Loop Gate,340505,341159
452,2019,12,Peterson Park,373073,371551
466,2019,12,Edgewater Glen,457257,455746
522,2019,12,Irving Park,383776,384298
530,2019,12,Parkview,172843,173639
577,2019,12,East Beverly,228440,233579
625,2019,12,University Village - Little Italy,355186,355259
647,2019,12,Douglas Park,178426,179334
651,2019,12,Washington Park,120686,120327
712,2019,12,Dunning,256573,257288
751,2019,12,North Park,330191,324808
757,2019,12,River's Edge,596855,597935
768,2019,12,Norwood Park West,308376,312183
777,2019,12,East Side,126940,126143
786,2019,12,Kenwood,339414,340470
810,2019,12,Brainerd,133264,133894
817,2019,12,Homan Square,199258,197193
839,2019,12,Wicker Park,552409,554003
890,2019,12,Mount Greenwood,235707,237078
912,2019,12,West Town,479508,479314
920,2019,12,Edgebrook,433601,434811
932,2019,12,Oakland,334448,333466
947,2019,12,Old Edgebrook,646333,647157
951,2019,12,Noble Square,459124,459665
999,2019,12,East Ukrainian Village,506023,506487
1007,2019,12,Jefferson Park,297327,297826
1014,2019,12,Golden Gate,49025,47637
1038,2019,12,Lathrop Homes,567755,569481
1073,2019,12,West Englewood,65184,64907
1088,2019,12,Pilsen,306545,308449
1112,2019,12,Gladstone Park,301945,302868
1119,2019,12,Cabrini Green,439776,445940
1147,2019,12,West Garfield Park,119683,121328
1155,2019,12,West Woodlawn,104733,106288
1167,2019,12,Brynford Park,364341,363926
1169,2019,12,East Pilsen,350790,351776
